train_loss,train_acc,train_timer,val_loss,val_acc,val_f1_score,val_auc,val_timer
4.303958574930827,0.1517497921983401,84.46430220000912,4.127197027206421,0.21831215379602475,0.036790837199167335,0.6360659054772531,23.80424830003176
3.1360514163970947,0.3858948200941086,83.9421391999349,3.6774849891662598,0.2653633105246008,0.060939869101854775,0.695356829736903,23.8884922999423
2.6513388951619468,0.43783822655677795,85.86357970000245,2.9723057746887207,0.41391332681655263,0.09787559564787543,0.7461991137751536,24.25967389997095
2.3778753678003945,0.4825260788202286,83.38743420003448,2.435660719871521,0.5122515477354187,0.13329903611337515,0.8033908957106968,24.613227499998175
2.2055718501408896,0.517814964056015,87.89209199999459,2.1278762817382812,0.5706419028999674,0.16629373332419142,0.8451622086331364,33.46337920008227
